link,,,,,,,
https://www.apartments.com/park-fifth-los-angeles-ca/dnd9tsh/,,,,,,,
https://www.apartments.com/the-colby-los-angeles-ca/13pvg74/,,,,,,,
https://www.apartments.com/one-museum-square-los-angeles-ca/0d1dm62/,,,,,,,
https://www.apartments.com/the-gemma-los-angeles-ca/ssl2gk7/,,,,,,,
https://www.apartments.com/ferrante-los-angeles-ca/l3tcd8d/,,,,,,,
https://www.apartments.com/rise-koreatown-los-angeles-ca/qzle2gx/,,,,,,,
https://www.apartments.com/arq-los-angeles-ca/h9t7ky3/,,,,,,,
https://www.apartments.com/residences-at-west-edge-los-angeles-ca/4j9smvh/,,,,,,,
https://www.apartments.com/inspire-hollywood-los-angeles-ca/v8hh8qe/,,,,,,,
https://www.apartments.com/the-parker-los-angeles-ca/tq2z3k8/,,,,,,,
https://www.apartments.com/the-monroe-at-virgil-village-los-angeles-ca/4rv244j/,,,,,,,
https://www.apartments.com/wetherly-hills-los-angeles-ca/5ywk6cq/,,,,,,,
https://www.apartments.com/the-wilder-los-angeles-brand-new-los-angeles-ca/pkybybt/,,,,,,,
https://www.apartments.com/jasper-los-angeles-ca/c74061e/,,,,,,,
https://www.apartments.com/ava-arts-district-los-angeles-ca/7fvrg7x/,,,,,,,
https://www.apartments.com/ardence-bloom-los-angeles-ca/0whjcw0/,,,,,,,
https://www.apartments.com/venue-residences-los-angeles-ca/ggrmm7x/,,,,,,,
https://www.apartments.com/belle-on-bev-los-angeles-ca/3l2qt8f/,,,,,,,
https://www.apartments.com/m1-by-clg-los-angeles-ca/5fv6n0p/,,,,,,,
https://www.apartments.com/river-apartments-brand-new-los-angeles-ca/7grfsqy/,,,,,,,
https://www.apartments.com/co-relate-west-adams-shared-apartments-los-angeles-ca/j9cwfw5/,,,,,,,
https://www.apartments.com/the-residences-at-lorenzo-los-angeles-ca/1xne4w6/,,,,,,,
https://www.apartments.com/tenten-wilshire-los-angeles-ca/337dtrf/,,,,,,,
https://www.apartments.com/luna-los-angeles-ca/0lslp30/,,,,,,,
https://www.apartments.com/vox-los-angeles-ca/nn0qytn/,,,,,,,
https://www.apartments.com/common-fountain-los-angeles-ca/bg7ej2c/,,,,,,,
https://www.apartments.com/the-bora-3170-los-angeles-ca/jypgns6/,,,,,,,
https://www.apartments.com/beaudry-los-angeles-ca/j7493x4/,,,,,,,
https://www.apartments.com/hallasan-los-angeles-ca/n7jh9pm/,,,,,,,
https://www.apartments.com/951-s-oxford-los-angeles-ca/e6q6wbp/,,,,,,,
https://www.apartments.com/park-wilshire-los-angeles-ca/srzzfj7/,,,,,,,
https://www.apartments.com/violet-on-virgil-los-angeles-ca/rfx7km0/,,,,,,,
https://www.apartments.com/broadway-palace-los-angeles-ca/38jgl5g/,,,,,,,
https://www.apartments.com/linea-los-angeles-ca/7mg62ty/,,,,,,,
https://www.apartments.com/the-landmark-los-angeles-los-angeles-ca/vq9hb8g/,,,,,,,
https://www.apartments.com/circa-la-los-angeles-ca/ss4bxl4/,,,,,,,
https://www.apartments.com/ten-thousand-los-angeles-ca/99nnsr7/,,,,,,,
https://www.apartments.com/archer-los-angeles-ca/zrmncdx/,,,,,,,
https://www.apartments.com/2245-beverly-glen-blvd-los-angeles-ca/jn8fx34/,,,,,,,
https://www.apartments.com/711-n-sweetzer-ave-los-angeles-ca/5xx9g3q/,,,,,,,
https://www.apartments.com/hwh-luxury-living-los-angeles-ca/qp5npbz/,,,,,,,
https://www.apartments.com/urbanlux-fleur-premium-los-angeles-ca/6t5p2ys/,,,,,,,
https://www.apartments.com/tenten-downtown-10-weeks-free-los-angeles-ca/ry0ntz2/,,,,,,,
https://www.apartments.com/josephine-dtla-los-angeles-ca/spddm74/,,,,,,,
https://www.apartments.com/the-vermont-los-angeles-ca/vlvglee/,,,,,,,
https://www.apartments.com/urbanlux-sunset-premium-los-angeles-ca/wpy01fh/,,,,,,,
https://www.apartments.com/the-chadwick-los-angeles-ca/jzr53m6/,,,,,,,
https://www.apartments.com/madrid-los-angeles-ca/chd4nmg/,,,,,,,
https://www.apartments.com/thea-at-metropolis-los-angeles-ca/77hmelw/,,,,,,,
https://www.apartments.com/vision-on-wilshire-los-angeles-ca/4085lyh/,,,,,,,
https://www.apartments.com/the-q-playa-los-angeles-ca/lgjkb4g/,,,,,,,
https://www.apartments.com/sentral-dtla-at-732-s-spring-los-angeles-ca/414ttvj/,,,,,,,
https://www.apartments.com/zen-hollywood-los-angeles-ca/wr9hjth/,,,,,,,
https://www.apartments.com/pico-los-angeles-ca/p2ed18v/,,,,,,,
https://www.apartments.com/palazzo-west-los-angeles-ca/lcvb9pg/,,,,,,,
https://www.apartments.com/aka-west-hollywood-apartment-residences-west-hollywood-ca/x4brlmm/,,,,,,,
https://www.apartments.com/rockwood-at-the-cascades-sylmar-ca/vten4bg/,,,,,,,
https://www.apartments.com/harlow-culver-city-ca/z4mhd3z/,,,,,,,
https://www.apartments.com/g8-by-clg-marina-del-rey-ca/9cp0475/,,,,,,,
https://www.apartments.com/the-vineyards-apartments-porter-ranch-ca/cenr3td/,,,,,,,
https://www.apartments.com/lido-apartments-4025-grandview-los-angeles-ca/8rbhex0/,,,,,,,
https://www.apartments.com/clarendon-apartments-woodland-hills-ca/r7528n1/,,,,,,,
https://www.apartments.com/seacrest-homes-apartments-torrance-ca/l5ebktg/,,,,,,,
https://www.apartments.com/alexan-noho-west-north-hollywood-ca/sk94r75/,,,,,,,
https://www.apartments.com/panorama-tower-van-nuys-ca/q4ckk5w/,,,,,,,
https://www.apartments.com/hollywood-park-residences-inglewood-ca/g33cq7y/,,,,,,,
https://www.apartments.com/chroma-apartment-homes-canoga-park-ca/97yb2t6/,,,,,,,
https://www.apartments.com/the-centennial-toluca-lake-ca/mcm03gj/,,,,,,,
https://www.apartments.com/the-delano-van-nuys-ca/0ce5jh2/,,,,,,,
https://www.apartments.com/mv-by-clg-culver-city-ca/e22w91q/,,,,,,,
https://www.apartments.com/astra-inglewood-ca/qstztbz/,,,,,,,
https://www.apartments.com/junction-santa-monica-santa-monica-ca/zlv75jx/,,,,,,,
https://www.apartments.com/living-at-santa-monica-santa-monica-ca/zre61pw/,,,,,,,
https://www.apartments.com/stadium-park-apartments-inglewood-ca/48q9fxk/,,,,,,,
https://www.apartments.com/seaport-homes-luxury-homes-townhouses-san-pedro-ca/wskx2xl/,,,,,,,
https://www.apartments.com/shores-apartments-6-weeks-free-on-select-marina-del-rey-ca/wklt13k/,,,,,,,
https://www.apartments.com/el-centro-apartments-and-bungalows-hollywood-ca/m5m52rl/,,,,,,,
https://www.apartments.com/atrio-burbank-burbank-ca/g9zjb3x/,,,,,,,
https://www.apartments.com/eastown-apartments-hollywood-ca/cmv3yrg/,,,,,,,
https://www.apartments.com/the-stanley-on-ocean-way-santa-monica-ca/mnkwn9l/,,,,,,,
https://www.apartments.com/4444-ensign-avenue-west-toluca-lake-ca/33fmtbf/,,,,,,,
https://www.apartments.com/fiona-west-hollywood-ca/cpf9xzf/,,,,,,,
https://www.apartments.com/living-at-noho-north-hollywood-ca/l2cerrd/,,,,,,,
https://www.apartments.com/catherine-santa-monica-ca/vsrydjg/,,,,,,,
https://www.apartments.com/sway-santa-monica-ca/qlf86gy/,,,,,,,
https://www.apartments.com/ava-toluca-hills-los-angeles-ca/rl6jtf1/,,,,,,,
https://www.apartments.com/eastway-los-angeles-ca/n8jetpq/,,,,,,,
https://www.apartments.com/nve-at-fairfax-los-angeles-ca/6nsdw3t/,,,,,,,
https://www.apartments.com/30sixty-los-angeles-ca/dzd8p4l/,,,,,,,
https://www.apartments.com/east-view-los-angeles-ca/rkp1he0/,,,,,,,
https://www.apartments.com/7403-los-angeles-ca/77xr18z/,,,,,,,
https://www.apartments.com/616-kenmore-los-angeles-ca/cgs622f/,,,,,,,
https://www.apartments.com/haven-apartments-los-angeles-ca/39fffpg/,,,,,,,
https://www.apartments.com/nova-apartments-on-wilshire-los-angeles-ca/e1sx1nq/,,,,,,,
https://www.apartments.com/qwil-apartments-los-angeles-ca/zplvk1z/,,,,,,,
https://www.apartments.com/crosby-los-angeles-ca/ldfhdkg/,,,,,,,
https://www.apartments.com/windsor-square-villas-los-angeles-ca/p6zyp5r/,,,,,,,
https://www.apartments.com/sawyer-los-angeles-ca/lcte0nf/,,,,,,,
https://www.apartments.com/santa-fe-art-colony-los-angeles-ca/hyw0pj1/,,,,,,,
https://www.apartments.com/the-lucky-los-angeles-ca/ne884hn/,,,,,,,
https://www.apartments.com/the-beloit-los-angeles-ca/d885dgj/,,,,,,,
https://www.apartments.com/the-louise-los-feliz-los-angeles-ca/5e1sb8m/,,,,,,,
https://www.apartments.com/llewellyn-los-angeles-ca/0qln4g0/,,,,,,,
https://www.apartments.com/lido-apartments-1039-s-hobart-los-angeles-ca/ww151nl/,,,,,,,
https://www.apartments.com/kinley-west-la-los-angeles-ca/zexsh5x/,,,,,,,
https://www.apartments.com/the-charlie-mar-vista-los-angeles-ca/cjqfcte/,,,,,,,
https://www.apartments.com/838-s-la-brea-ave-los-angeles-ca/k9qt8m8/,,,,,,,
https://www.apartments.com/miles-at-harvard-los-angeles-ca/0yzp3w3/,,,,,,,
https://www.apartments.com/la1440-apartments-los-angeles-ca/90wtkx6/,,,,,,,
https://www.apartments.com/the-melrose-los-angeles-ca/rxpbph0/,,,,,,,
https://www.apartments.com/sentral-beverly-hills-los-angeles-ca/66pzn7v/,,,,,,,
https://www.apartments.com/kurve-los-angeles-ca/047tn61/,,,,,,,
https://www.apartments.com/concourse-los-angeles-ca/qz7vt7y/,,,,,,,
https://www.apartments.com/the-fairfax-flats-los-angeles-ca/kh5e7rb/,,,,,,,
https://www.apartments.com/smb-hollywood-los-angeles-ca/6xk8ebt/,,,,,,,
https://www.apartments.com/emerald-los-angeles-ca/zf8sb1w/,,,,,,,
https://www.apartments.com/1120-s-serrano-ave-los-angeles-ca/zfq4yhy/,,,,,,,
https://www.apartments.com/common-beverly-by-category-los-angeles-ca/4gbw1bj/,,,,,,,
https://www.apartments.com/the-jagger-los-angeles-ca/cgfdhne/,,,,,,,
https://www.apartments.com/the-roya-los-angeles-ca/b2hgxs8/,,,,,,,
https://www.apartments.com/jb-center-apartments-brand-new-los-angeles-ca/3kblr6d/,,,,,,,
https://www.apartments.com/figueroa-eight-los-angeles-ca/szze0j7/,,,,,,,
https://www.apartments.com/the-900-los-angeles-ca/sd9t7d5/,,,,,,,
https://www.apartments.com/1651-w-37th-pl-los-angeles-ca/q72wwjx/,,,,,,,
https://www.apartments.com/the-malcolm-los-angeles-ca/syw7dx7/,,,,,,,
https://www.apartments.com/maxwell-los-angeles-ca/m4mhmgk/,,,,,,,
https://www.apartments.com/respara-brentwood-los-angeles-ca/c5tc1td/,,,,,,,
https://www.apartments.com/barringway-place-los-angeles-ca/bzrec89/,,,,,,,
https://www.apartments.com/common-centinela-by-category-los-angeles-ca/zdpmlnx/,,,,,,,
https://www.apartments.com/kingsley-park-apartments-los-angeles-ca/cmykndg/,,,,,,,
https://www.apartments.com/le-noble-los-angeles-ca/6zvcyrs/,,,,,,,
https://www.apartments.com/107-hewitt-los-angeles-ca/h8glxm1/,,,,,,,
https://www.apartments.com/treehouse-koreatown-los-angeles-ca/gvz14xy/,,,,,,,
https://www.apartments.com/3100-s-normandie-ave-los-angeles-ca/l139kle/,,,,,,,
https://www.apartments.com/journee-la-los-angeles-ca/19jjkd4/,,,,,,,
https://www.apartments.com/1476-w-35th-st-los-angeles-ca/qdb1mgx/,,,,,,,
https://www.apartments.com/the-alfred-los-angeles-ca/3v4cnng/,,,,,,,
https://www.apartments.com/1445-martel-los-angeles-ca/2nby28c/,,,,,,,
https://www.apartments.com/1587-w-35th-st-los-angeles-ca/psd9g9s/,,,,,,,
https://www.apartments.com/legacy-at-westwood-apartments-los-angeles-ca/6013g3t/,,,,,,,
https://www.apartments.com/imperial-apartments-los-angeles-ca/0eykgx2/,,,,,,,
https://www.apartments.com/g12-los-angeles-ca/zyh9k8w/,,,,,,,
https://www.apartments.com/rise-hollywood-los-angeles-ca/pdkz09s/,,,,,,,
https://www.apartments.com/wilshire-la-brea-los-angeles-ca/xhv93zq/,,,,,,,
https://www.apartments.com/the-glendon-apartments-in-westwood-los-angeles-ca/xvfrs5n/,,,,,,,
https://www.apartments.com/luxe-villas-los-angeles-ca/9v6lgl5/,,,,,,,
https://www.apartments.com/museum-terrace-los-angeles-ca/00lmwh1/,,,,,,,
https://www.apartments.com/centrepointe-apartments-los-angeles-ca/qqfs3hx/,,,,,,,
https://www.apartments.com/the-emerson-los-angeles-ca/tmcxvd8/,,,,,,,
https://www.apartments.com/247-alexandria-los-angeles-ca/xck7qdp/,,,,,,,
https://www.apartments.com/watermarke-tower-los-angeles-ca/j0tcqf4/,,,,,,,
https://www.apartments.com/garey-building-los-angeles-ca/rqdqd22/,,,,,,,
https://www.apartments.com/tuscani-villas-los-angeles-ca/md57s7l/,,,,,,,
https://www.apartments.com/the-lofts-on-la-brea-los-angeles-ca/nl3tpvq/,,,,,,,
https://www.apartments.com/eighth-grand-los-angeles-ca/yescr5t/,,,,,,,
https://www.apartments.com/sentral-dtla-at-755-s-spring-los-angeles-ca/6wdx84r/,,,,,,,
https://www.apartments.com/maya-apartments-los-angeles-ca/dml9hdk/,,,,,,,
https://www.apartments.com/hanover-hollywood-los-angeles-ca/9zcp565/,,,,,,,
https://www.apartments.com/treehouse-hollywood-los-angeles-ca/n15l9sp/,,,,,,,
https://www.apartments.com/la1446-apartments-los-angeles-ca/r915r62/,,,,,,,
https://www.apartments.com/the-metropolitan-lofts-los-angeles-ca/3h3wv6e/,,,,,,,
https://www.apartments.com/decollage-apartments-los-angeles-ca/ysw5evv/,,,,,,,
https://www.apartments.com/lido-apartments-4847-oakwood-los-angeles-ca/9nkznr5/,,,,,,,
https://www.apartments.com/the-nexen-los-angeles-ca/esh1beq/,,,,,,,
https://www.apartments.com/the-harper-los-angeles-ca/dc8vftk/,,,,,,,
https://www.apartments.com/the-greenly-los-angeles-ca/k75ed1b/,,,,,,,
https://www.apartments.com/689-catalina-los-angeles-ca/01dt0s2/,,,,,,,
https://www.apartments.com/kanvas-los-angeles-ca/2rd1sdb/,,,,,,,
https://www.apartments.com/the-arden-los-angeles-ca/g2bl97z/,,,,,,,
https://www.apartments.com/common-venice-los-angeles-ca/11q9646/,,,,,,,
https://www.apartments.com/luxe-east-los-angeles-ca/ht2zkv1/,,,,,,,
https://www.apartments.com/the-baxter-los-angeles-ca/mtsg17j/,,,,,,,
https://www.apartments.com/1366-w-35th-st-los-angeles-ca/ffph60s/,,,,,,,
https://www.apartments.com/randolph-lofts-los-angeles-ca/lfw3sqd/,,,,,,,
https://www.apartments.com/the-preston-miracle-mile-apartments-los-angeles-ca/sj0vgc6/,,,,,,,
https://www.apartments.com/1133-s-hope-st-los-angeles-ca/k97zhh9/,,,,,,,
https://www.apartments.com/kodo-los-angeles-ca/9wl3cy7/,,,,,,,
https://www.apartments.com/the-chapman-flats-los-angeles-ca/mj6v3bh/,,,,,,,
https://www.apartments.com/the-william-on-sunset-los-angeles-ca/vh1he9g/,,,,,,,
https://www.apartments.com/level-south-olive-los-angeles-ca/dj0vljk/,,,,,,,
https://www.apartments.com/thurman-lofts-los-angeles-ca/397w5nf/,,,,,,,
https://www.apartments.com/the-carlton-at-hollywood-los-angeles-ca/yyt6l8s/,,,,,,,
https://www.apartments.com/onyx-los-angeles-ca/8ever23/,,,,,,,
https://www.apartments.com/e-on-grand-los-angeles-ca/vg3jzxe/,,,,,,,
https://www.apartments.com/jaide-lofts-los-angeles-ca/1lshwj7/,,,,,,,
https://www.apartments.com/aven-los-angeles-ca/h8k26b1/,,,,,,,
https://www.apartments.com/ames-lofts-los-angeles-ca/749tkdw/,,,,,,,
https://www.apartments.com/marley-lofts-los-angeles-ca/kb0cz18/,,,,,,,
https://www.apartments.com/hughes-regency-los-angeles-ca/8yd7yz1/,,,,,,,
https://www.apartments.com/south-hayworth-lofts-los-angeles-ca/0l96211/,,,,,,,
https://www.apartments.com/westmoreland-apartments-los-angeles-ca/bmpb5bc/,,,,,,,
https://www.apartments.com/jardine-los-angeles-ca/9kmzqg6/,,,,,,,
https://www.apartments.com/commodore-regency-apartments-los-angeles-ca/6n3zcpr/,,,,,,,
https://www.apartments.com/promenade-towers-los-angeles-ca/1ppnmg4/,,,,,,,
https://www.apartments.com/255-grand-los-angeles-ca/ew3hkhq/,,,,,,,
https://www.apartments.com/trademark-los-angeles-ca/40jfxjh/,,,,,,,
https://www.apartments.com/canvas-la-los-angeles-ca/rqxgnp1/,,,,,,,
https://www.apartments.com/888-at-grand-hope-park-los-angeles-ca/237rms9/,,,,,,,
https://www.apartments.com/playa-del-oro-los-angeles-ca/rn7tnn2/,,,,,,,
https://www.apartments.com/mresidences-olympic-olive-los-angeles-ca/8pm7sc0/,,,,,,,
https://www.apartments.com/the-orsini-los-angeles-ca/y1q1mqv/,,,,,,,
https://www.apartments.com/r3-by-clg-los-angeles-ca/7gxkvgy/,,,,,,,
https://www.apartments.com/ava-hollywood-at-la-pietra-place-los-angeles-ca/jplj494/,,,,,,,
https://www.apartments.com/3033-wilshire-los-angeles-ca/gzgnzfx/,,,,,,,
https://www.apartments.com/the-sw-by-clg-los-angeles-ca/f4bewnr/,,,,,,,
https://www.apartments.com/the-plaza-apartments-los-angeles-ca/z4dd9jy/,,,,,,,
https://www.apartments.com/vinz-on-fairfax-los-angeles-ca/d8ss3kl/,,,,,,,
https://www.apartments.com/wyvernwood-garden-apartments-los-angeles-ca/qvems6x/,,,,,,,
https://www.apartments.com/hope-flower-los-angeles-ca/qev9wcx/,,,,,,,
https://www.apartments.com/wilshire-victoria-westwood-apartments-los-angeles-ca/vzvxydd/,,,,,,,
https://www.apartments.com/sunset-vine-tower-los-angeles-ca/l2qp91d/,,,,,,,
https://www.apartments.com/the-hw-by-clg-los-angeles-ca/9cp9py6/,,,,,,,
https://www.apartments.com/the-gershwin-los-angeles-ca/kymc268/,,,,,,,
https://www.apartments.com/1400-fig-apartments-los-angeles-ca/838zj23/,,,,,,,
https://www.apartments.com/hollywood-view-towers-los-angeles-ca/1ktnzz4/,,,,,,,
https://www.apartments.com/the-piero-los-angeles-ca/13pkvp6/,,,,,,,
https://www.apartments.com/beverlywood-luxury-apartments-los-angeles-ca/bt62p2c/,,,,,,,
https://www.apartments.com/the-elinor-los-angeles-ca/n3qxlym/,,,,,,,
https://www.apartments.com/eight70-los-angeles-ca/4hyr5nl/,,,,,,,
https://www.apartments.com/lumina-hollywood-los-angeles-ca/nrmg09n/,,,,,,,
https://www.apartments.com/the-pearl-los-angeles-ca/2j8hjp8/,,,,,,,
https://www.apartments.com/aliso-los-angeles-ca/kjeqsmb/,,,,,,,
https://www.apartments.com/the-bw-by-clg-los-angeles-ca/547l6tm/,,,,,,,
https://www.apartments.com/wilshire-vermont-los-angeles-ca/1kzq096/,,,,,,,
https://www.apartments.com/lindbrook-manor-apartments-los-angeles-ca/rg44023/,,,,,,,
https://www.apartments.com/atelier-los-angeles-ca/hk60zl1/,,,,,,,
https://www.apartments.com/villa-bel-air-los-angeles-ca/md43cmh/,,,,,,,
https://www.apartments.com/franklin-park-apartments-los-angeles-ca/shr47c5/,,,,,,,
https://www.apartments.com/the-medici-los-angeles-ca/ln7xd0d/,,,,,,,
https://www.apartments.com/masselin-park-west-los-angeles-ca/1j7x496/,,,,,,,
https://www.apartments.com/the-clover-los-angeles-ca/tgqs258/,,,,,,,
https://www.apartments.com/madison-hancock-park-los-angeles-ca/d15c1fj/,,,,,,,
https://www.apartments.com/m-lofts-los-angeles-ca/qstd5wy/,,,,,,,
https://www.apartments.com/topaz-los-angeles-ca/be62jc9/,,,,,,,
https://www.apartments.com/park-la-brea-los-angeles-ca/r54g963/,,,,,,,
https://www.apartments.com/picasso-brentwood-los-angeles-ca/t5xw0n8/,,,,,,,
https://www.apartments.com/be-dtla-los-angeles-ca/m6z036j/,,,,,,,
https://www.apartments.com/245-south-serrano-ave-los-angeles-ca/mhby9rl/,,,,,,,
https://www.apartments.com/premiere-towers-los-angeles-ca/nespdgm/,,,,,,,
https://www.apartments.com/520-kelton-los-angeles-ca/q7tqv8z/,,,,,,,
https://www.apartments.com/concord-square-apartments-reseda-ca/ehgljyn/,,,,,,,
https://www.apartments.com/summit-at-warner-center-woodland-hills-ca/zw6s1zy/,,,,,,,
https://www.apartments.com/6th-and-raymond-santa-monica-ca/436893l/,,,,,,,
https://www.apartments.com/the-studio-north-hollywood-ca/748qwfy/,,,,,,,
https://www.apartments.com/catalina-apartments-studio-city-ca/qbf56bx/,,,,,,,
https://www.apartments.com/marina-harbor-marina-del-rey-ca/xmkspnq/,,,,,,,
https://www.apartments.com/6175-canterbury-culver-city-ca/zweprvy/,,,,,,,
https://www.apartments.com/runway-playa-vista-ca/jdjqt55/,,,,,,,
https://www.apartments.com/16070-sunset-blvd-fully-renovated-unit-in-pacific-palisades-ca/wywvkrl/,,,,,,,
https://www.apartments.com/riverbridge-apartments-reseda-ca/jlwgpf5/,,,,,,,
https://www.apartments.com/olive-encino-encino-ca/nq0d3km/,,,,,,,
https://www.apartments.com/the-highland-hollywood-ca/0pwyef2/,,,,,,,
https://www.apartments.com/bonita-terrace-hollywood-ca/z0tzzdz/,,,,,,,
https://www.apartments.com/alaya-hollywood-ca/pc9vlxt/,,,,,,,
https://www.apartments.com/domain-weho-west-hollywood-ca/mkn8fgk/,,,,,,,
https://www.apartments.com/the-avenue-hollywood-hollywood-ca/pzblp3t/,,,,,,,
https://www.apartments.com/alder-northridge-ca/44wvmph/,,,,,,,
https://www.apartments.com/madison-toluca-north-hollywood-ca/7zclk4z/,,,,,,,
https://www.apartments.com/3838-by-clg-culver-city-ca/prrt4dt/,,,,,,,
https://www.apartments.com/c1-by-clg-marina-del-rey-ca/9mge746/,,,,,,,
https://www.apartments.com/villas-at-playa-vista-sausalito-playa-vista-ca/x8h5thq/,,,,,,,
https://www.apartments.com/nve-noho-north-hollywood-ca/83n5pv2/,,,,,,,
https://www.apartments.com/mira-canoga-park-ca/38l7eqg/,,,,,,,
https://www.apartments.com/woodley-sara-van-nuys-ca/n0jdpyp/,,,,,,,
https://www.apartments.com/l-o-apartments-north-hollywood-ca/ngyts9q/,,,,,,,
https://www.apartments.com/vert-canoga-park-ca/tc615y8/,,,,,,,
https://www.apartments.com/symmetry-northridge-ca/4fvfg5k/,,,,,,,
https://www.apartments.com/upper-ivy-residences-culver-city-ca/66bm8rv/,,,,,,,
https://www.apartments.com/gardenhouse-beverly-hills-beverly-hills-ca/fj81jbs/,,,,,,,
https://www.apartments.com/essence-woodland-hills-ca/lckyxpf/,,,,,,,
https://www.apartments.com/skye-at-warner-center-canoga-park-ca/j2fmv27/,,,,,,,
https://www.apartments.com/art-set-noho-north-hollywood-ca/r3f1hr0/,,,,,,,
https://www.apartments.com/arista-glendale-glendale-ca/ycn27jt/,,,,,,,
https://www.apartments.com/g8-by-clg-coliving-shared-apartment-marina-del-rey-ca/0rgdct2/,,,,,,,
https://www.apartments.com/the-charlie-santa-monica-santa-monica-ca/b3fjf88/,,,,,,,
https://www.apartments.com/aspire-apartments-northridge-ca/h5wvd83/,,,,,,,
https://www.apartments.com/901-vine-st-west-hollywood-ca/e4v8x4p/,,,,,,,
https://www.apartments.com/sora-inglewood-ca/ltlgs7e/,,,,,,,
https://www.apartments.com/the-residences-at-5020-sherman-oaks-ca/9mm2dz7/,,,,,,,
https://www.apartments.com/chandler-apartments-in-north-hollywood-north-hollywood-ca/grd2efx/,,,,,,,
https://www.apartments.com/del-rey-club-apartments-playa-del-rey-ca/bqrkv2b/,,,,,,,
https://www.apartments.com/the-verandas-canoga-park-ca/nsywq1n/,,,,,,,
https://www.apartments.com/luxe-west-west-los-angeles-ca/j0dm1p4/,,,,,,,
https://www.apartments.com/tribeca-urban-apartments-marina-del-rey-ca/m34dmmj/,,,,,,,
https://www.apartments.com/millennium-santa-monica-santa-monica-ca/s68kyp5/,,,,,,,
https://www.apartments.com/harborside-marina-bay-apartments-marina-del-rey-ca/245z91b/,,,,,,,
https://www.apartments.com/grand-apartments-on-lindley-northridge-ca/w57x3tk/,,,,,,,
https://www.apartments.com/8008-norton-ave-west-hollywood-ca/c62qxcg/,,,,,,,
https://www.apartments.com/mariners-village-marina-del-rey-ca/mz72zzj/,,,,,,,
https://www.apartments.com/pacific-plaza-santa-monica-ca/7gbk9ex/,,,,,,,
https://www.apartments.com/hue39-glendale-ca/5s7r8qp/,,,,,,,
https://www.apartments.com/boulevard-woodland-hills-ca/30t3g3g/,,,,,,,
https://www.apartments.com/jefferson-at-marina-del-rey-marina-del-rey-ca/3f2ywlg/,,,,,,,
https://www.apartments.com/arrive-seaside-i-santa-monica-ca/4ymv5xh/,,,,,,,
https://www.apartments.com/residences-on-third-street-promenade-santa-monica-ca/0fmz5y0/,,,,,,,
https://www.apartments.com/toluca-lofts-toluca-lake-ca/74vlb3x/,,,,,,,
https://www.apartments.com/warner-pointe-woodland-hills-ca/n6bmd8q/,,,,,,,
https://www.apartments.com/meridian-pointe-northridge-ca/vy06jtg/,,,,,,,
https://www.apartments.com/riata-at-canoga-canoga-park-ca/s5jv685/,,,,,,,
https://www.apartments.com/sonoma-at-porter-ranch-porter-ranch-ca/3ldc0yg/,,,,,,,
https://www.apartments.com/legendary-glendale-glendale-ca/qrmyqmx/,,,,,,,
https://www.apartments.com/eaves-woodland-hills-woodland-hills-ca/pwm6jhr/,,,,,,,
https://www.apartments.com/tierra-del-rey-marina-del-rey-ca/gl53nfw/,,,,,,,
https://www.apartments.com/14056-valleyheart-sherman-oaks-ca/qc8v3sw/,,,,,,,
https://www.apartments.com/dolphin-marina-apartments-marina-del-rey-ca/f4753vv/,,,,,,,
https://www.apartments.com/6940-sepulveda-van-nuys-ca/0cznkw1/,,,,,,,
https://www.apartments.com/thomas-apartments-studio-city-ca/fqg90tt/,,,,,,,
https://www.apartments.com/avalon-studio-city-studio-city-ca/qfmf8jx/,,,,,,,
https://www.apartments.com/cielo-panorama-city-ca/bp5h2w8/,,,,,,,
https://www.apartments.com/talaria-burbank-ca/yex8pqr/,,,,,,,
https://www.apartments.com/the-park-santa-monica-santa-monica-ca/cv7s2xd/,,,,,,,
https://www.apartments.com/avalon-west-hollywood-west-hollywood-ca/wv7mqpk/,,,,,,,
https://www.apartments.com/the-americana-at-brand-luxury-apartments-glendale-ca/ccn40rg/,,,,,,,
https://www.apartments.com/amli-marina-del-rey-marina-del-rey-ca/4sjykpk/,,,,,,,
https://www.apartments.com/9520-lucerne-ave-culver-city-ca/qpv9wvz/,,,,,,,
https://www.apartments.com/genevapacific-brand-new-los-angeles-ca/zpz60dw/,,,,,,,
https://www.apartments.com/the-hobart-apartments-los-angeles-ca/4vmm9pj/,,,,,,,
https://www.apartments.com/rose-north-los-angeles-ca/pgrynds/,,,,,,,
https://www.apartments.com/503-s-catalina-street-los-angeles-ca/zfrn7rz/,,,,,,,
https://www.apartments.com/la-fontaine-west-los-angeles-ca/tqbr3t8/,,,,,,,
https://www.apartments.com/packard-lofts-los-angeles-ca/h7zx613/,,,,,,,
https://www.apartments.com/sepulveda-west-apartments-los-angeles-ca/dnyggdk/,,,,,,,
https://www.apartments.com/905-wilcox-avenue-los-angeles-ca/hw2vvm3/,,,,,,,
https://www.apartments.com/vica-los-angeles-ca/kj2hzsc/,,,,,,,
https://www.apartments.com/croft-plaza-apartments-los-angeles-ca/kzvlp9c/,,,,,,,
https://www.apartments.com/argyle-house-los-angeles-ca/8ybehn2/,,,,,,,
https://www.apartments.com/the-grand-by-gehry-los-angeles-ca/3zbhsse/,,,,,,,
https://www.apartments.com/mariposa-on-3rd-los-angeles-ca/d73wkdh/,,,,,,,
https://www.apartments.com/rivo-at-silver-lake-los-angeles-ca/2hh5vvc/,,,,,,,
https://www.apartments.com/burton-los-angeles-ca/sh06nz7/,,,,,,,
https://www.apartments.com/atlas-house-los-angeles-ca/j8slxt6/,,,,,,,
https://www.apartments.com/lido-apartments-1532-brockton-ave-los-angeles-ca/x3k281n/,,,,,,,
https://www.apartments.com/manali-residence-los-angeles-ca/lmt69se/,,,,,,,
https://www.apartments.com/inspire-colton-apartments-los-angeles-ca/tsqlvcc/,,,,,,,
https://www.apartments.com/common-oxford-los-angeles-ca/860w960/,,,,,,,
https://www.apartments.com/the-barrington-los-angeles-ca/g6yjwlz/,,,,,,,
https://www.apartments.com/1249-south-bundy-los-angeles-ca/mp99gkj/,,,,,,,
https://www.apartments.com/801-north-los-angeles-ca/bm9w288/,,,,,,,
https://www.apartments.com/north-kingsley-apartments-los-angeles-ca/ktdhw2b/,,,,,,,
https://www.apartments.com/common-matteson-by-category-los-angeles-ca/7qz7qwy/,,,,,,,
https://www.apartments.com/tailor-lofts-los-angeles-ca/tyjq019/,,,,,,,
https://www.apartments.com/premiere-hollywood-los-angeles-ca/8yfte42/,,,,,,,
https://www.apartments.com/fedora-x-trilby-los-angeles-ca/3whmk0g/,,,,,,,
https://www.apartments.com/the-hana-los-angeles-ca/ys0xc2v/,,,,,,,
https://www.apartments.com/the-audrey-los-angeles-ca/jrdk2b7/,,,,,,,
https://www.apartments.com/the-flat-los-angeles-ca/2bx1dxb/,,,,,,,
https://www.apartments.com/edgemont-banbury-manor-apartments-los-angeles-ca/p54j3st/,,,,,,,
https://www.apartments.com/the-r2-by-clg-los-angeles-ca/fjy5svt/,,,,,,,
https://www.apartments.com/olive-dtla-los-angeles-ca/rgrexc3/,,,,,,,
https://www.apartments.com/the-arden-los-angeles-ca/pbecsqs/,,,,,,,
https://www.apartments.com/santa-rosalia-apartment-homes-los-angeles-ca/kypgg28/,,,,,,,
https://www.apartments.com/4th-street-apartments-los-angeles-ca/0p6bvk1/,,,,,,,
https://www.apartments.com/311-south-new-hampshire-avenue-los-angeles-ca/lsy7nkg/,,,,,,,
https://www.apartments.com/arrive-west-la-los-angeles-ca/ht6vvr1/,,,,,,,
https://www.apartments.com/103-s-edgemont-st-los-angeles-ca/2zntxn9/,,,,,,,
https://www.apartments.com/gramercy-place-apartments-los-angeles-ca/g1e3rgy/,,,,,,,
https://www.apartments.com/8th-street-apartments-los-angeles-ca/th8qzec/,,,,,,,
https://www.apartments.com/the-rayfield-apartments-los-angeles-ca/tv4x62c/,,,,,,,
https://www.apartments.com/villas-at-playa-vista-montecito-playa-vista-ca/1r1yrb7/,,,,,,,
https://www.apartments.com/kester-apartments-sherman-oaks-ca/7lk3cly/,,,,,,,
https://www.apartments.com/14-brooks-ave-venice-ca/rgzl1m3/,,,,,,,
https://www.apartments.com/2300-wilshire-santa-monica-ca/n60jpqp/,,,,,,,
https://www.apartments.com/toluca-court-north-hollywood-ca/e3wlc8p/,,,,,,,
https://www.apartments.com/tenten-glendale-glendale-ca/ysy2jqt/,,,,,,,
https://www.apartments.com/301-ocean-santa-monica-ca/q2xejly/,,,,,,,
https://www.apartments.com/5060-hazeltine-ave-sherman-oaks-ca/ql81sew/,,,,,,,
https://www.apartments.com/element-weho-west-hollywood-ca/wn8k8ek/,,,,,,,
https://www.apartments.com/11833-37-laurelwood-drive-studio-city-ca/vnrrwcd/,,,,,,,
https://www.apartments.com/casa-del-riverside-apartments-valley-village-ca/x466q5n/,,,,,,,
https://www.apartments.com/balboa-ranch-apartments-northridge-ca/pmcjpbr/,,,,,,,
https://www.apartments.com/imt-summerset-village-chatsworth-ca/c3hehqf/,,,,,,,
https://www.apartments.com/fusion-warner-center-woodland-hills-ca/6vyjl4r/,,,,,,,
https://www.apartments.com/vue-san-pedro-ca/6fqh39t/,,,,,,,
https://www.apartments.com/portofino-townhomes-wilmington-ca/96znhk7/,,,,,,,
https://www.apartments.com/8440-fountain-ave-west-hollywood-ca/0t95he1/,,,,,,,
https://www.apartments.com/willis-apartments-sherman-oaks-ca/mlxpc6l/,,,,,,,
https://www.apartments.com/c1-coliving-by-clg-shared-apartments-marina-del-rey-ca/bxzsxg8/,,,,,,,
https://www.apartments.com/cc-tan-center-glendale-ca/nh8ewjm/,,,,,,,
https://www.apartments.com/chandler-valley-village-north-hollywood-ca/rb784y1/,,,,,,,
https://www.apartments.com/diplomat-park-apartments-valley-village-ca/86e50m3/,,,,,,,
https://www.apartments.com/the-luxe-residential-north-hollywood-ca/x396s5p/,,,,,,,
https://www.apartments.com/woodridge-apartments-northridge-ca/5vs963p/,,,,,,,
https://www.apartments.com/palm-gardens-apartments-south-pasadena-ca/05x0283/,,,,,,,
https://www.apartments.com/woodridge-apartments-valley-glen-ca/8wlvy93/,,,,,,,
https://www.apartments.com/4378-sepulveda-blvd-sherman-oaks-ca/2rcljj9/,,,,,,,
https://www.apartments.com/5541-newcastle-ave-encino-ca/3znzchf/,,,,,,,
https://www.apartments.com/bluffside-terrace-apartments-studio-city-ca/jprjql6/,,,,,,,
https://www.apartments.com/palms-court-los-angeles-ca/mcjnykh/,,,,,,,
https://www.apartments.com/first-choice-housing-oak-street-los-angeles-ca/27dl4qc/,,,,,,,
https://www.apartments.com/avana-on-wilshire-los-angeles-ca/kcknh38/,,,,,,,
https://www.apartments.com/the-kenmore-los-feliz-los-angeles-ca/t5n4dx9/,,,,,,,
https://www.apartments.com/kenmore-towers-los-angeles-ca/8hjp051/,,,,,,,
https://www.apartments.com/hawthorne-regency-apartments-los-angeles-ca/r2521m2/,,,,,,,
https://www.apartments.com/north-kingsley-los-angeles-ca/wkvx5cj/,,,,,,,
https://www.apartments.com/the-charlie-echo-park-los-angeles-ca/d5rk9hk/,,,,,,,
https://www.apartments.com/valparaiso-apartments-los-angeles-ca/m6gy3lh/,,,,,,,
https://www.apartments.com/pacific-rose-los-angeles-ca/c0qslpe/,,,,,,,
https://www.apartments.com/8500-burton-luxury-apartments-los-angeles-ca/s7n6nj5/,,,,,,,
https://www.apartments.com/mercantile-lofts-los-angeles-ca/8cpm4f0/,,,,,,,
https://www.apartments.com/zephyr-apartments-los-angeles-ca/nl6wl4m/,,,,,,,
https://www.apartments.com/estelle-los-angeles-ca/wsd63el/,,,,,,,
https://www.apartments.com/manning-avenue-los-angeles-ca/l5ldwrd/,,,,,,,
https://www.apartments.com/the-visconti-los-angeles-ca/pmh838v/,,,,,,,
https://www.apartments.com/ambassador-towers-los-angeles-ca/kgnh62c/,,,,,,,
https://www.apartments.com/810-crenshaw-blvd-los-angeles-ca/00dhty0/,,,,,,,
https://www.apartments.com/casa-de-marina-apartments-los-angeles-ca/6h8nmmt/,,,,,,,
https://www.apartments.com/roosevelt-lofts-los-angeles-ca/y3s9wvt/,,,,,,,
https://www.apartments.com/don-st-germaine-los-angeles-ca/svh1c04/,,,,,,,
https://www.apartments.com/geneva-at-hughes-los-angeles-ca/jlefle7/,,,,,,,
https://www.apartments.com/westmore-on-wilshire-los-angeles-ca/64jzv7s/,,,,,,,
https://www.apartments.com/11737-courtleigh-dr-los-angeles-ca/9z7b7s7/,,,,,,,
https://www.apartments.com/plaza-at-lafayette-los-angeles-ca/96v2137/,,,,,,,
https://www.apartments.com/the-parkway-los-angeles-ca/85ej0d0/,,,,,,,
https://www.apartments.com/met-lofts-los-angeles-ca/4rsnpph/,,,,,,,
https://www.apartments.com/sap-st-andrews-place-los-angeles-ca/eh6cjdn/,,,,,,,
https://www.apartments.com/villas-at-kentwood-los-angeles-ca/rnmwbk0/,,,,,,,
https://www.apartments.com/rexford-drive-apartments-los-angeles-ca/6ehc12r/,,,,,,,
https://www.apartments.com/bry-berryman-apts-los-angeles-ca/pww1nrv/,,,,,,,
https://www.apartments.com/3400-cahuenga-los-angeles-ca/3n6ybne/,,,,,,,
https://www.apartments.com/west-park-village-los-angeles-ca/gjb1v5x/,,,,,,,
https://www.apartments.com/bahay-los-angeles-ca/7jfxnrx/,,,,,,,
https://www.apartments.com/mid-city-apartments-los-angeles-ca/rp6zcv1/,,,,,,,
https://www.apartments.com/citizen-at-virgil-village-los-angeles-ca/58qz3fq/,,,,,,,
https://www.apartments.com/5068-romaine-st-los-angeles-ca/8t5ndq2/,,,,,,,
https://www.apartments.com/olivia-apartments-los-angeles-ca/n1ckhxm/,,,,,,,
https://www.apartments.com/western-lux-los-angeles-ca/3pcevxd/,,,,,,,
https://www.apartments.com/westwood-riviera-apartments-los-angeles-ca/5wvjxln/,,,,,,,
https://www.apartments.com/burton-almont-los-angeles-ca/0v8r5q1/,,,,,,,
https://www.apartments.com/rochester-parkside-los-angeles-ca/9y93eh6/,,,,,,,
https://www.apartments.com/elm-the-elmwood-los-angeles-ca/4e3zk8h/,,,,,,,
https://www.apartments.com/kith-kin-los-angeles-ca/ztvt7zz/,,,,,,,
https://www.apartments.com/garment-lofts-los-angeles-ca/p4w3dxv/,,,,,,,
https://www.apartments.com/apex-the-one-los-angeles-ca/4jdf8dl/,,,,,,,
https://www.apartments.com/san-fernando-building-los-angeles-ca/g54db1y/,,,,,,,
https://www.apartments.com/hollywood-sycamore-los-angeles-ca/fwxbl1s/,,,,,,,
https://www.apartments.com/villas-at-park-la-brea-los-angeles-ca/7plgz6w/,,,,,,,
https://www.apartments.com/aby-the-abbey-los-angeles-ca/tszh6fc/,,,,,,,
https://www.apartments.com/st-andrews-apartments-los-angeles-ca/mcwln8h/,,,,,,,
https://www.apartments.com/the-lofts-at-the-security-building-apartments-los-angeles-ca/zm9pqvx/,,,,,,,
https://www.apartments.com/villa-vicente-los-angeles-ca/03xsfe1/,,,,,,,
https://www.apartments.com/playa-jefferson-los-angeles-ca/tgygy38/,,,,,,,
https://www.apartments.com/1945-s-garth-ave-los-angeles-ca/yqb3b0v/,,,,,,,
https://www.apartments.com/burton-plaza-apartments-los-angeles-ca/j0nlrz5/,,,,,,,
https://www.apartments.com/edgemont-court-apartments-los-angeles-ca/flggdbv/,,,,,,,
https://www.apartments.com/the-met-los-angeles-ca/02em8r1/,,,,,,,
https://www.apartments.com/alina-los-angeles-ca/tltn528/,,,,,,,
https://www.apartments.com/broadstone-los-feliz-los-angeles-ca/w1wp1vl/,,,,,,,
https://www.apartments.com/the-thompson-los-angeles-ca/gvzlb5w/,,,,,,,
https://www.apartments.com/wren-los-angeles-ca/brwblvb/,,,,,,,
https://www.apartments.com/avalon-los-angeles-ca/el4001n/,,,,,,,
https://www.apartments.com/717-olympic-los-angeles-ca/vzswhzg/,,,,,,,
https://www.apartments.com/bloom-beverly-hills-los-angeles-ca/cy3b44e/,,,,,,,
https://www.apartments.com/150-berendo-los-angeles-ca/wg938sj/,,,,,,,
https://www.apartments.com/ladera-townhouse-los-angeles-ca/5ep4zrq/,,,,,,,
https://www.apartments.com/pre-the-president-los-angeles-ca/jc6pk54/,,,,,,,
https://www.apartments.com/vues-on-gordon-los-angeles-ca/plvnwwt/,,,,,,,
https://www.apartments.com/sunset-barrington-gardens-los-angeles-ca/q8yd5xz/,,,,,,,
https://www.apartments.com/savoy-west-apartments-los-angeles-ca/wc9jk6j/,,,,,,,
https://www.apartments.com/la-vida-melrose-los-angeles-ca/gtfxskx/,,,,,,,
https://www.apartments.com/1801-federal-los-angeles-ca/gsec6cx/,,,,,,,
https://www.apartments.com/residences-at-woodlake-los-angeles-ca/tcjt8s8/,,,,,,,
https://www.apartments.com/city-lights-on-fig-los-angeles-ca/hy12ks0/,,,,,,,
https://www.apartments.com/westside-terrace-apartments-los-angeles-ca/0ml3c51/,,,,,,,
https://www.apartments.com/gloria-homes-apartments-los-angeles-ca/f3ecfzr/,,,,,,,
https://www.apartments.com/the-roy-los-angeles-ca/x5pe7zp/,,,,,,,
https://www.apartments.com/dunsmuir-row-los-angeles-ca/gxh6p2z/,,,,,,,
https://www.apartments.com/levering-apartments-los-angeles-ca/hs6gn80/,,,,,,,
https://www.apartments.com/strathmore-veteran-los-angeles-ca/dh0s4sh/,,,,,,,
https://www.apartments.com/43rd-place-apartments-los-angeles-ca/rh3b4d3/,,,,,,,
https://www.apartments.com/wooster-los-angeles-ca/dcw8y1l/,,,,,,,
https://www.apartments.com/next-on-sixth-los-angeles-ca/dssq25j/,,,,,,,
https://www.apartments.com/e-on-adams-los-angeles-ca/lmg319f/,,,,,,,
https://www.apartments.com/2783-francis-ave-los-angeles-ca/hcxj131/,,,,,,,
https://www.apartments.com/zag-apartments-los-angeles-ca/2ey781b/,,,,,,,
https://www.apartments.com/phoenix-apartments-brand-new-los-angeles-ca/ycve1nr/,,,,,,,
https://www.apartments.com/santee-court-los-angeles-ca/g88ldxw/,,,,,,,
https://www.apartments.com/659-s-cloverdale-ave-los-angeles-ca/68dpeer/,,,,,,,
https://www.apartments.com/park-gramercy-apartments-los-angeles-ca/exc9m8q/,,,,,,,
https://www.apartments.com/skye-at-bunker-hill-los-angeles-ca/yv5rx8s/,,,,,,,
https://www.apartments.com/avant-los-angeles-ca/dzvg37h/,,,,,,,
https://www.apartments.com/hollywood-off-vine-los-angeles-ca/h2pz1s0/,,,,,,,
https://www.apartments.com/casa-bonita-apartments-los-angeles-ca/70v4k7y/,,,,,,,
https://www.apartments.com/the-versailles-los-angeles-ca/wtg9g7h/,,,,,,,
https://www.apartments.com/the-wendover-apartments-los-angeles-ca/c8lb84f/,,,,,,,
https://www.apartments.com/maxfield-lofts-los-angeles-ca/qtmfpcz/,,,,,,,
https://www.apartments.com/park-west-los-angeles-ca/r9jynd2/,,,,,,,
https://www.apartments.com/the-green-house-los-angeles-ca/sstshh6/,,,,,,,
https://www.apartments.com/5th-street-apts-los-angeles-ca/vvr5pxg/,,,,,,,
https://www.apartments.com/alessio-los-angeles-ca/gpv6d1z/,,,,,,,
https://www.apartments.com/the-heliotrope-residences-los-angeles-ca/zzs61qy/,,,,,,,
https://www.apartments.com/one-santa-fe-los-angeles-ca/4q9v7cl/,,,,,,,
https://www.apartments.com/pegasus-los-angeles-ca/hdpmn63/,,,,,,,
https://www.apartments.com/pacific-place-los-angeles-ca/mzm6e2l/,,,,,,,
https://www.apartments.com/the-collection-at-baldwin-los-angeles-ca/y458cjv/,,,,,,,
https://www.apartments.com/keystone-apartments-los-angeles-ca/wsl20gj/,,,,,,,
https://www.apartments.com/the-hive-on-ellendale-los-angeles-ca/y1vhtrr/,,,,,,,
https://www.apartments.com/monterey-apartments-los-angeles-ca/nl3gxbq/,,,,,,,
https://www.apartments.com/trojan-village-apartments-near-usc-los-angeles-ca/60rh6ev/,,,,,,,
https://www.apartments.com/the-monarch-los-angeles-ca/v6qwrhf/,,,,,,,
https://www.apartments.com/casa-granada-los-angeles-ca/74n7h6y/,,,,,,,
https://www.apartments.com/jefferson-flats-available-january-2024-los-angeles-ca/5807ten/,,,,,,,
https://www.apartments.com/the-kingsley-los-angeles-ca/xgs1ffm/,,,,,,,
https://www.apartments.com/iwood-i-inglewood-ca/w9n4zyl/,,,,,,,
https://www.apartments.com/the-montecito-woodland-hills-ca/e0qry2q/,,,,,,,
https://www.apartments.com/montana-avenue-santa-monica-ca/mmwv3mk/,,,,,,,
https://www.apartments.com/villas-at-playa-vista-malibu-playa-vista-ca/xttczdp/,,,,,,,
https://www.apartments.com/sunset-lanai-apartments-west-hollywood-ca/4w4ebtj/,,,,,,,
https://www.apartments.com/blu-beverly-hills-beverly-hills-ca/8857071/,,,,,,,
https://www.apartments.com/bakman-avenue-north-hollywood-ca/ex5fncm/,,,,,,,
https://www.apartments.com/doheny-sunset-apartments-west-hollywood-ca/ej54hzm/,,,,,,,
https://www.apartments.com/the-6800-canoga-park-ca/nnvdgfn/,,,,,,,
https://www.apartments.com/vida-studio-city-studio-city-ca/2npld49/,,,,,,,
https://www.apartments.com/29-navy-venice-ca/yf3qj1r/,,,,,,,
https://www.apartments.com/esprit-apartments-marina-del-rey-ca/b5yc2fb/,,,,,,,
https://www.apartments.com/the-shores-santa-monica-ca/7pllg2w/,,,,,,,
https://www.apartments.com/lestancia-studio-city-ca/vk64y2e/,,,,,,,
https://www.apartments.com/la-nouvelle-apartments-north-hollywood-ca/1tl71t4/,,,,,,,
https://www.apartments.com/burnet-homes-north-hills-ca/lel7v1d/,,,,,,,
https://www.apartments.com/gibson-santa-monica-santa-monica-ca/yfmvhnv/,,,,,,,
https://www.apartments.com/416-on-broadway-glendale-ca/9n3zen4/,,,,,,,
https://www.apartments.com/the-radford-studio-city-ca/p3nkkyr/,,,,,,,
https://www.apartments.com/san-pedro-bank-lofts-san-pedro-ca/p5geg3t/,,,,,,,
https://www.apartments.com/the-astaire-valley-village-ca/bkq5qdb/,,,,,,,
https://www.apartments.com/fountain-park-canoga-park-ca/93t3rb4/,,,,,,,
https://www.apartments.com/imt-6500-van-nuys-ca/6n5jy9r/,,,,,,,
https://www.apartments.com/vestalia-glendale-ca/tk60mnc/,,,,,,,
https://www.apartments.com/windward-isle-apartments-sherman-oaks-ca/e41v1nn/,,,,,,,
https://www.apartments.com/the-sofia-west-hollywood-ca/wrplqjh/,,,,,,,
https://www.apartments.com/empire-at-fairfax-west-hollywood-ca/hp35zl3/,,,,,,,
https://www.apartments.com/santa-monica-palms-santa-monica-ca/5wh0mnq/,,,,,,,
https://www.apartments.com/the-viking-apartments-sherman-oaks-ca/p41kyzt/,,,,,,,
https://www.apartments.com/le-dev-chatsworth-ca/d7s2gjh/,,,,,,,
https://www.apartments.com/ogo-the-otsego-north-hollywood-ca/6b8lyjr/,,,,,,,
https://www.apartments.com/neptune-marina-marina-del-rey-ca/evczj7q/,,,,,,,
https://www.apartments.com/anara-santa-monica-santa-monica-ca/9deb434/,,,,,,,
https://www.apartments.com/harborview-san-pedro-ca/1e0b8z5/,,,,,,,
https://www.apartments.com/imt-5700-sherman-oaks-ca/p2w26nr/,,,,,,,
https://www.apartments.com/the-hamilton-beverly-hills-ca/kby0kq8/,,,,,,,
https://www.apartments.com/skyla-tower-van-nuys-ca/x64hrdn/,,,,,,,
https://www.apartments.com/the-woods-at-toluca-lake-burbank-ca/f5lv2pt/,,,,,,,
https://www.apartments.com/amli-lex-on-orange-glendale-ca/geg65mw/,,,,,,,
https://www.apartments.com/luxe-at-burbank-burbank-ca/jh5lfn6/,,,,,,,
https://www.apartments.com/the-guild-north-hollywood-north-hollywood-ca/j0emc44/,,,,,,,
https://www.apartments.com/woodley-plaza-north-hills-ca/w17gy1l/,,,,,,,
https://www.apartments.com/villa-martelli-van-nuys-ca/s7v9xe7/,,,,,,,
https://www.apartments.com/cobalt-culver-city-ca/fwf334r/,,,,,,,
https://www.apartments.com/brio-glendale-ca/nfeqeqp/,,,,,,,
https://www.apartments.com/6600-van-nuys-blvd-van-nuys-ca/zmr347w/,,,,,,,
https://www.apartments.com/village-pointe-apartments-northridge-ca/ptg2rps/,,,,,,,
https://www.apartments.com/veda-sherman-oaks-ca/bt4sxfc/,,,,,,,
https://www.apartments.com/the-brand-glendale-ca/vwncwhe/,,,,,,,
https://www.apartments.com/glenoaks-residences-glendale-ca/rj6vpy1/,,,,,,,
https://www.apartments.com/darby-apartments-northridge-ca/v20b8wd/,,,,,,,
https://www.apartments.com/next-on-lex-glendale-ca/x08sgrp/,,,,,,,
https://www.apartments.com/terraces-at-la-cienega-west-hollywood-ca/vlh8ftd/,,,,,,,
https://www.apartments.com/silvercrest-senior-residence-santa-monica-ca/g3byt9z/,,,,,,,
https://www.apartments.com/citizen-south-bay-on-west-235th-st-torrance-ca/yrcsxgs/,,,,,,,
https://www.apartments.com/chase-knolls-sherman-oaks-ca/hgrp0s3/,,,,,,,
https://www.apartments.com/le-blanc-apartments-canoga-park-ca/gfcp93w/,,,,,,,
https://www.apartments.com/3855-by-clg-culver-city-ca/86xp2s1/,,,,,,,
https://www.apartments.com/the-stanford-west-santa-monica-ca/jn79p25/,,,,,,,
https://www.apartments.com/fountain-park-at-playa-vista-playa-vista-ca/79bygnz/,,,,,,,
https://www.apartments.com/aqua-at-marina-del-rey-marina-del-rey-ca/hz9pys0/,,,,,,,
https://www.apartments.com/onyx-glendale-glendale-ca/02nyv33/,,,,,,,
https://www.apartments.com/summit-on-woodman-van-nuys-ca/rn1s2k1/,,,,,,,
https://www.apartments.com/summerview-beach-resort-luxury-apartments-sherman-oaks-ca/9k6p5r4/,,,,,,,
https://www.apartments.com/palm-view-village-inglewood-ca/mqn9y0j/,,,,,,,
https://www.apartments.com/sherman-west-apartments-reseda-ca/7hqqhcw/,,,,,,,
https://www.apartments.com/woodland-house-apartments-woodland-hills-ca/nykc4em/,,,,,,,
https://www.apartments.com/the-plaza-at-sherman-oaks-sherman-oaks-ca/lh4pbje/,,,,,,,
https://www.apartments.com/altana-glendale-ca/zlg069y/,,,,,,,
https://www.apartments.com/550-harborfront-san-pedro-ca/e6trq5m/,,,,,,,
https://www.apartments.com/mediterranean-village-west-hollywood-west-hollywood-ca/7ndjcdw/,,,,,,,
https://www.apartments.com/the-hesby-north-hollywood-ca/khvf5sb/,,,,,,,
https://www.apartments.com/summer-breeze-apartments-north-hollywood-ca/1r4s4c6/,,,,,,,
https://www.apartments.com/5536-fulcher-ave-north-hollywood-ca/2bq4kkb/,,,,,,,
https://www.apartments.com/legado-encino-encino-ca/zreqmfy/,,,,,,,
https://www.apartments.com/elk-villas-glendale-ca/56pwrwn/,,,,,,,
https://www.apartments.com/westgate-apartments-pasadena-ca/p93l8vt/,,,,,,,
https://www.apartments.com/stella-marina-del-rey-ca/47xm0nh/,,,,,,,
https://www.apartments.com/harbor-terrace-san-pedro-ca/j4rphk5/,,,,,,,
https://www.apartments.com/5327-hermitage-ave-north-hollywood-ca/k87wk69/,,,,,,,
https://www.apartments.com/meridian-court-apartments-at-tarzana-tarzana-ca/d1ktddl/,,,,,,,
https://www.apartments.com/south-olive-apartments-alhambra-ca/13bxnd4/,,,,,,,
https://www.apartments.com/12203-moorpark-st-studio-city-91604-studio-city-ca/tkfgvt9/,,,,,,,
https://www.apartments.com/oak-tree-apartments-van-nuys-ca/zbsd1tz/,,,,,,,
https://www.apartments.com/hollywood-backlot-bungalows-north-hollywood-ca/phq3fss/,,,,,,,
https://www.apartments.com/hollypark-knolls-inglewood-ca/3k3yh1f/,,,,,,,
https://www.apartments.com/boardwalk-flats-ocean-front-studios-venice-ca/dwjyz8l/,,,,,,,
https://www.apartments.com/marina-41-marina-del-rey-ca/x5mgkwq/,,,,,,,
https://www.apartments.com/san-regis-apartments-van-nuys-ca/j6mfdj7/,,,,,,,
https://www.apartments.com/the-marquee-apartments-north-hollywood-ca/2rv8hcc/,,,,,,,
https://www.apartments.com/watermark-apartments-reseda-ca/ry0vfc1/,,,,,,,
https://www.apartments.com/15286-sutton-street-sherman-oaks-ca/ctmg3ye/,,,,,,,
https://www.apartments.com/meadows-apartments-culver-city-ca/zrj6f6z/,,,,,,,
https://www.apartments.com/westside-residence-hall-inglewood-ca/g7xdzrw/,,,,,,,
https://www.apartments.com/1769-n-orange-dr-los-angeles-ca/hxv1qe1/,,,,,,,
https://www.apartments.com/veteran-los-angeles-ca/ss1wvf5/,,,,,,,
https://www.apartments.com/metro-art-west-hollywood-luxury-living-los-angeles-ca/cdgztbe/,,,,,,,
https://www.apartments.com/5711-carlton-way-los-angeles-ca/cwyk8tg/,,,,,,,
https://www.apartments.com/3700-sepulveda-apartments-los-angeles-ca/s98phx5/,,,,,,,
https://www.apartments.com/atrium-los-angeles-ca/lfv81xf/,,,,,,,
https://www.apartments.com/rgl-regal-apartments-los-angeles-ca/v58svgd/,,,,,,,
https://www.apartments.com/kingsley-tower-apartments-los-angeles-ca/1tz49x4/,,,,,,,
https://www.apartments.com/los-feliz-bliss-los-angeles-ca/eyl813p/,,,,,,,
https://www.apartments.com/ancelle-los-angeles-ca/gqs5r6w/,,,,,,,
https://www.apartments.com/woodcliff-apartments-los-angeles-ca/z23h3gx/,,,,,,,
https://www.apartments.com/10600-wilshire-los-angeles-ca/3qmd6yf/,,,,,,,
https://www.apartments.com/skyline-terrace-los-angeles-ca/9qj6hn6/,,,,,,,
https://www.apartments.com/nms-aster-los-angeles-ca/6lngett/,,,,,,,
https://www.apartments.com/mesa-villa-apartments-los-angeles-ca/mq4nznj/,,,,,,,
https://www.apartments.com/600-s-burnside-ave-los-angeles-ca/c2fje8f/,,,,,,,
https://www.apartments.com/bagley-regent-apartments-los-angeles-ca/4phhwkl/,,,,,,,
https://www.apartments.com/rancho-los-feliz-los-angeles-ca/ybf102t/,,,,,,,
https://www.apartments.com/chateau-mansfield-los-angeles-ca/zyppqlz/,,,,,,,
https://www.apartments.com/ladera-apartments-los-angeles-ca/mjzwt3j/,,,,,,,
https://www.apartments.com/crenshaw-townhouse-los-angeles-ca/701dj3w/,,,,,,,
https://www.apartments.com/the-brentwood-collection-los-angeles-ca/4zzqygh/,,,,,,,
https://www.apartments.com/catalina-apartments-los-angeles-ca/fs1qnpt/,,,,,,,
https://www.apartments.com/westwood-villa-los-angeles-ca/0cds1f3/,,,,,,,
https://www.apartments.com/amli-warner-center-woodland-hills-ca/mx3h5dl/,,,,,,,
https://www.apartments.com/901-ocean-ave-santa-monica-ca/elnw3dn/,,,,,,,
https://www.apartments.com/the-social-apartments-north-hollywood-ca/49qk7tj/,,,,,,,
https://www.apartments.com/the-q-variel-woodland-hills-ca/459zp6h/,,,,,,,
https://www.apartments.com/the-fitz-west-hollywood-ca/pm3pmbt/,,,,,,,
https://www.apartments.com/tesoro-senior-apartments-porter-ranch-ca/qzj0hyy/,,,,,,,
https://www.apartments.com/nine-thousand-one-west-hollywood-ca/7yjbq6y/,,,,,,,
https://www.apartments.com/solimar-luxury-homes-wilmington-ca/wtc50zl/,,,,,,,
https://www.apartments.com/santa-monica-biltmore-santa-monica-ca/tg1tdsc/,,,,,,,
https://www.apartments.com/elara-formerly-oceano-at-warner-center-woodland-hills-ca/4dyzerj/,,,,,,,
https://www.apartments.com/kaia-lomita-ca/q95883z/,,,,,,,
https://www.apartments.com/the-charlie-weho-west-hollywood-ca/clgxc7f/,,,,,,,
https://www.apartments.com/mv-coliving-by-clg-culver-city-ca/jsqezn6/,,,,,,,
https://www.apartments.com/noho-urban-apartments-north-hollywood-ca/yv9002v/,,,,,,,
https://www.apartments.com/moderno-la-granada-northridge-granada-hills-ca/3cddpdd/,,,,,,,
https://www.apartments.com/zelzah-court-northridge-ca/0gy1rf0/,,,,,,,
https://www.apartments.com/l-lofts-glendale-ca/xrdes6q/,,,,,,,
https://www.apartments.com/chelsea-santa-monica-santa-monica-ca/0hwpxz1/,,,,,,,
https://www.apartments.com/the-villas-at-the-ventana-playa-vista-ca/wzsz3ch/,,,,,,,
https://www.apartments.com/arrive-seaside-ii-santa-monica-ca/n7x7hbp/,,,,,,,
https://www.apartments.com/the-pointe-at-warner-center-woodland-hills-ca/w4j01yh/,,,,,,,
https://www.apartments.com/noho-14-north-hollywood-ca/xekh7xm/,,,,,,,
https://www.apartments.com/the-westerly-on-lincoln-marina-del-rey-ca/h9wqw70/,,,,,,,
https://www.apartments.com/villa-del-mar-apartments-marina-marina-del-rey-ca/hh307k2/,,,,,,,
https://www.apartments.com/the-lido-hollywood-ca/z6442fw/,,,,,,,
https://www.apartments.com/line-lofts-hollywood-ca/rspqcx2/,,,,,,,
https://www.apartments.com/orly-hollywood-ca/m1l7vrl/,,,,,,,
https://www.apartments.com/inclave-luxury-apartments-marina-del-rey-ca/y8f8jtv/,,,,,,,
https://www.apartments.com/the-q-topanga-woodland-hills-ca/b4wdg4b/,,,,,,,
https://www.apartments.com/bell-warner-center-canoga-park-ca/xgxpy3p/,,,,,,,
https://www.apartments.com/1724-highland-hollywood-ca/vmvm5wg/,,,,,,,
https://www.apartments.com/avalon-burbank-burbank-ca/wcm3vmk/,,,,,,,
https://www.apartments.com/the-reserve-at-warner-center-woodland-hills-ca/2j9l30b/,,,,,,,
https://www.apartments.com/4524-vista-del-monte-ave-sherman-oaks-ca/l3b6mge/,,,,,,,
https://www.apartments.com/the-harrison-glendale-ca/bwf9tt8/,,,,,,,
https://www.apartments.com/triana-apartments-woodland-hills-ca/m6n342h/,,,,,,,
https://www.apartments.com/1200-riverside-burbank-ca/7vcsb6z/,,,,,,,
https://www.apartments.com/riva-santa-monica-ca/c7qjrsd/,,,,,,,
https://www.apartments.com/ava-burbank-burbank-ca/5v597vq/,,,,,,,
https://www.apartments.com/marina-tower-marina-del-rey-ca/1929r57/,,,,,,,
https://www.apartments.com/heights-on-superior-northridge-ca/xc96bcp/,,,,,,,
https://www.apartments.com/bixby-santa-monica-ca/r9x0m12/,,,,,,,
https://www.apartments.com/terrena-apartment-homes-northridge-ca/ne6zfjq/,,,,,,,
https://www.apartments.com/western-towers-los-angeles-ca/x26rv5p/,,,,,,,
https://www.apartments.com/westwood-village-apartments-los-angeles-ca/9g15bj6/,,,,,,,
https://www.apartments.com/harvard-apartments-los-angeles-ca/6l4f7xt/,,,,,,,
https://www.apartments.com/playa-summit-los-angeles-ca/6qn3ezv/,,,,,,,
https://www.apartments.com/museum-tower-los-angeles-ca/mmex9pl/,,,,,,,
https://www.apartments.com/reveal-playa-vista-los-angeles-ca/0frxwq3/,,,,,,,
https://www.apartments.com/wilshire-margot-los-angeles-ca/4h45ddj/,,,,,,,
https://www.apartments.com/2039-north-las-palmas-ave-los-angeles-ca/43xhegl/,,,,,,,
https://www.apartments.com/accent-los-angeles-ca/kdhppf8/,,,,,,,
https://www.apartments.com/wilco-apartments-los-angeles-ca/07c3d12/,,,,,,,
https://www.apartments.com/da-vinci-los-angeles-ca/bj5n538/,,,,,,,
https://www.apartments.com/1100-exposition-blvd-private-suite-co-living-los-angeles-ca/w4yrfgj/,,,,,,,
https://www.apartments.com/columbia-square-living-los-angeles-ca/2v16sgc/,,,,,,,
https://www.apartments.com/clarington-court-los-angeles-ca/t2tj748/,,,,,,,
https://www.apartments.com/la-plaza-village-los-angeles-ca/qkn2sxy/,,,,,,,
https://www.apartments.com/mresidences-miracle-mile-los-angeles-ca/q4r8n6x/,,,,,,,
https://www.apartments.com/lido-apartments-7393-w-manchester-ave-los-angeles-ca/6hr2edv/,,,,,,,
https://www.apartments.com/sherman-circle-los-angeles-ca/zkgf4zx/,,,,,,,
https://www.apartments.com/mv-lofts-los-angeles-ca-unit-15/8qt0ef1/,,,,,,,
https://www.apartments.com/wilshire-valencia-los-angeles-ca/h4511e3/,,,,,,,
https://www.apartments.com/1865-north-fuller-ave-los-angeles-ca/wjhe4hh/,,,,,,,
https://www.apartments.com/the-lc-los-angeles-ca/src1hk5/,,,,,,,
https://www.apartments.com/la-belle-at-hollywood-tower-los-angeles-ca/wkp2vbl/,,,,,,,
https://www.apartments.com/magnolia-apartments-los-angeles-ca/zss6n5y/,,,,,,,
https://www.apartments.com/lp-by-clg-los-angeles-ca/b634psc/,,,,,,,
https://www.apartments.com/palazzo-east-apartments-los-angeles-ca/32ghtcd/,,,,,,,
https://www.apartments.com/inspire-belmont-apartments-los-angeles-ca/y12edps/,,,,,,,
https://www.apartments.com/urbanlux-hollywood-premium-los-angeles-ca/s91pkk5/,,,,,,,
https://www.apartments.com/waterstone-at-metro-los-angeles-ca/ys7rgws/,,,,,,,
https://www.apartments.com/beverly-arnaz-los-angeles-ca/ekrw6lm/,,,,,,,
https://www.apartments.com/the-fifty-five-fifty-los-angeles-ca/6yq288t/,,,,,,,
https://www.apartments.com/duet-on-wilcox-los-angeles-ca/z0gleny/,,,,,,,
https://www.apartments.com/ava-little-tokyo-los-angeles-ca/vfrceng/,,,,,,,
https://www.apartments.com/the-adler-apartments-los-angeles-ca/xhj879m/,,,,,,,
https://www.apartments.com/common-elmwood-los-angeles-ca/mvxkf1k/,,,,,,,
https://www.apartments.com/axis-los-angeles-ca/nhxmcjq/,,,,,,,
https://www.apartments.com/the-mansfield-at-miracle-mile-los-angeles-ca/gsl9khx/,,,,,,,
